1,enable impactful technologies,Suspendisse potenti. In eleifend quam a odio. In hac habitasse platea dictumst.,1552142479,1636987279,6587,1 Eagan Crossing,6.9641667,158.2083333,4
2,exploit revolutionary portals,"Nam ultrices, libero non mattis pulvinar, nulla pede ullamcorper augue, a suscipit nulla elit ac nulla. Sed vel enim sit amet nunc viverra dapibus. Nulla suscipit ligula in lacus. Curabitur at ipsum ac tellus semper interdum. Mauris ullamcorper purus sit amet nulla. Quisque arcu libero, rutrum ac, lobortis vel, dapibus at, diam.",1562164879,1575729679,2904,24043 Paget Alley,5.623505,10.2544044,4
3,matrix next-generation e-commerce,"Nulla ut erat id mauris vulputate elementum. Nullam varius. Nulla facilisi. Cras non velit nec nisi vulputate nonummy. Maecenas tincidunt lacus at velit. Vivamus vel nulla eget eros elementum pellentesque. Quisque porta volutpat erat. Quisque erat eros, viverra eget, congue eget, semper rutrum, nulla. Nunc purus.",1561646480,1574520079,1170,2867 Dryden Pass,63.593219,53.9068532,2
4,benchmark plug-and-play infomediaries,"Praesent blandit. Nam nulla. Integer pede justo, lacinia eget, tincidunt eget, tempus vel, pede. Morbi porttitor lorem id ligula. Suspendisse ornare consequat lectus. In est risus, auctor sed, tristique in, tempus sit amet, sem. Fusce consequat. Nulla nisl. Nunc nisl.",1546353680,1573396880,838,80 Cambridge Street,20.5800358,-75.2435307,1
5,integrate cross-platform e-business,"Praesent blandit. Nam nulla. Integer pede justo, lacinia eget, tincidunt eget, tempus vel, pede.",1567867280,1639579280,7484,1 Stone Corner Junction,14.9326574,-91.6941845,4
6,enable dot-com niches,"Quisque porta volutpat erat. Quisque erat eros, viverra eget, congue eget, semper rutrum, nulla. Nunc purus.",1541083280,1637764880,5725,12 Stephen Terrace,40.163127,116.638868,3
7,transform web-enabled relationships,"Fusce posuere felis sed lacus. Morbi sem mauris, laoreet ut, rhoncus aliquet, pulvinar sed, nisl. Nunc rhoncus dui vel sem.",1568385680,1637332880,4414,6213 Lake View Drive,44.3794871,20.2638941,3
8,strategize frictionless solutions,"Integer tincidunt ante vel ipsum. Praesent blandit lacinia erat. Vestibulum sed magna at nunc commodo placerat. Praesent blandit. Nam nulla. Integer pede justo, lacinia eget, tincidunt eget, tempus vel, pede. Morbi porttitor lorem id ligula. Suspendisse ornare consequat lectus. In est risus, auctor sed, tristique in, tempus sit amet, sem.",1554129680,1573742480,3454,994 Corry Park,-7.3251485,108.3607464,4
9,innovate seamless metrics,"Cras mi pede, malesuada in, imperdiet et, commodo vulputate, justo. In blandit ultrices enim. Lorem ipsum dolor sit amet, consectetuer adipiscing elit.",1553784080,1639320080,3101,2 Bluestem Park,43,-87.97,4
10,integrate wireless infomediaries,"Donec diam neque, vestibulum eget, vulputate ut, ultrices vel, augue. Vestibulum ante ipsum primis in faucibus orci luctus et ultrices posuere cubilia Curae; Donec pharetra, magna vestibulum aliquet ultrices, erat tortor sollicitudin mi, sit amet lobortis sapien sapien non mi. Integer ac neque.",1556721680,1576766480,6562,1 Dexter Hill,null,null,3
